<?xml version="1.0" encoding="UTF-8"?>
<project version="4">
  <component name="ChangeListManager">
    <list default="true" id="b7abf4c9-819c-45a7-9dff-714c24a95ce9" name="Default Changelist" comment="" />
    <option name="EXCLUDED_CONVERTED_TO_IGNORED" value="true" />
    <option name="SHOW_DIALOG" value="false" />
    <option name="HIGHLIGHT_CONFLICTS" value="true" />
    <option name="HIGHLIGHT_NON_ACTIVE_CHANGELIST" value="false" />
    <option name="LAST_RESOLUTION" value="IGNORE" />
  </component>
  <component name="FUSProjectUsageTrigger">
    <session id="1320085142">
      <usages-collector id="statistics.lifecycle.project">
        <counts>
          <entry key="project.closed" value="1" />
          <entry key="project.open.time.17" value="1" />
          <entry key="project.opened" value="1" />
        </counts>
      </usages-collector>
      <usages-collector id="statistics.file.extensions.open">
        <counts>
          <entry key="html" value="3" />
          <entry key="py" value="1" />
        </counts>
      </usages-collector>
      <usages-collector id="statistics.file.types.open">
        <counts>
          <entry key="HTML" value="3" />
          <entry key="Python" value="1" />
        </counts>
      </usages-collector>
      <usages-collector id="statistics.file.extensions.edit">
        <counts>
          <entry key="html" value="38" />
        </counts>
      </usages-collector>
      <usages-collector id="statistics.file.types.edit">
        <counts>
          <entry key="HTML" value="38" />
        </counts>
      </usages-collector>
    </session>
    <session id="1111869798">
      <usages-collector id="statistics.lifecycle.project">
        <counts>
          <entry key="project.closed" value="5" />
          <entry key="project.open.time.0" value="2" />
          <entry key="project.open.time.1" value="2" />
          <entry key="project.open.time.33" value="1" />
          <entry key="project.opened" value="5" />
        </counts>
      </usages-collector>
      <usages-collector id="statistics.file.extensions.edit">
        <counts>
          <entry key="html" value="212" />
          <entry key="py" value="334" />
        </counts>
      </usages-collector>
      <usages-collector id="statistics.file.types.edit">
        <counts>
          <entry key="HTML" value="212" />
          <entry key="Python" value="334" />
        </counts>
      </usages-collector>
      <usages-collector id="statistics.file.extensions.open">
        <counts>
          <entry key="html" value="45" />
          <entry key="py" value="49" />
        </counts>
      </usages-collector>
      <usages-collector id="statistics.file.types.open">
        <counts>
          <entry key="HTML" value="45" />
          <entry key="Python" value="49" />
        </counts>
      </usages-collector>
    </session>
  </component>
  <component name="FileEditorManager">
    <leaf SIDE_TABS_SIZE_LIMIT_KEY="300">
      <file pinned="false" current-in-tab="false">
        <entry file="file://$PROJECT_DIR$/reg/templates/login_int.html">
          <provider selected="true" editor-type-id="text-editor">
            <state relative-caret-position="346">
              <caret line="74" column="10" lean-forward="true" selection-start-line="74" selection-start-column="10" selection-end-line="74" selection-end-column="10" />
              <folding>
                <element signature="n#style#0;n#img#0;n#div#0;n#div#0;n#div#0;n#div#0;n#body#0;n#html#0;n#!!top" expanded="true" />
                <element signature="n#style#0;n#span#0;n#form#0;n#div#0;n#div#0;n#div#0;n#body#0;n#html#0;n#!!top" expanded="true" />
                <element signature="n#style#0;n#button#0;n#div#2;n#form#0;n#div#0;n#div#0;n#div#0;n#body#0;n#html#0;n#!!top" expanded="true" />
              </folding>
            </state>
          </provider>
        </entry>
      </file>
      <file pinned="false" current-in-tab="false">
        <entry file="file://$PROJECT_DIR$/reg/templates/login_offline.html">
          <provider selected="true" editor-type-id="text-editor">
            <state relative-caret-position="1122">
              <caret line="66" column="55" lean-forward="true" selection-start-line="66" selection-start-column="55" selection-end-line="66" selection-end-column="55" />
              <folding>
                <element signature="n#style#0;n#img#0;n#div#0;n#div#0;n#div#0;n#div#0;n#body#0;n#html#0;n#!!top" expanded="true" />
                <element signature="n#style#0;n#span#0;n#form#0;n#div#0;n#div#0;n#div#0;n#body#0;n#html#0;n#!!top" expanded="true" />
                <element signature="n#style#0;n#button#0;n#div#2;n#form#0;n#div#0;n#div#0;n#div#0;n#body#0;n#html#0;n#!!top" expanded="true" />
              </folding>
            </state>
          </provider>
        </entry>
      </file>
      <file pinned="false" current-in-tab="false">
        <entry file="file://$PROJECT_DIR$/reg/templates/login_online.html">
          <provider selected="true" editor-type-id="text-editor">
            <state relative-caret-position="-425">
              <caret line="38" column="61" lean-forward="true" selection-start-line="38" selection-start-column="61" selection-end-line="38" selection-end-column="61" />
              <folding>
                <element signature="n#style#0;n#span#0;n#form#0;n#div#0;n#div#0;n#div#0;n#body#0;n#html#0;n#!!top" expanded="true" />
              </folding>
            </state>
          </provider>
        </entry>
      </file>
      <file pinned="false" current-in-tab="false">
        <entry file="file://$PROJECT_DIR$/reg/templates/my_profile.html">
          <provider selected="true" editor-type-id="text-editor" />
        </entry>
      </file>
      <file pinned="false" current-in-tab="false">
        <entry file="file://$PROJECT_DIR$/reg/templates/offdesc.html">
          <provider selected="true" editor-type-id="text-editor">
            <state relative-caret-position="374">
              <caret line="55" column="67" selection-start-line="55" selection-start-column="67" selection-end-line="55" selection-end-column="67" />
            </state>
          </provider>
        </entry>
      </file>
      <file pinned="false" current-in-tab="false">
        <entry file="file://$PROJECT_DIR$/reg/templates/offline.html">
          <provider selected="true" editor-type-id="text-editor">
            <state relative-caret-position="323">
              <caret line="55" column="67" selection-start-line="55" selection-start-column="67" selection-end-line="55" selection-end-column="67" />
            </state>
          </provider>
        </entry>
      </file>
      <file pinned="false" current-in-tab="false">
        <entry file="file://$PROJECT_DIR$/reg/templates/online.html">
          <provider selected="true" editor-type-id="text-editor">
            <state relative-caret-position="369">
              <caret line="55" column="67" selection-start-line="55" selection-start-column="67" selection-end-line="55" selection-end-column="67" />
            </state>
          </provider>
        </entry>
      </file>
      <file pinned="false" current-in-tab="false">
        <entry file="file://$PROJECT_DIR$/reg/templates/profile_login.html">
          <provider selected="true" editor-type-id="text-editor">
            <state relative-caret-position="-1224" />
          </provider>
        </entry>
      </file>
      <file pinned="false" current-in-tab="false">
        <entry file="file://$PROJECT_DIR$/reg/templates/videos.html">
          <provider selected="true" editor-type-id="text-editor">
            <state relative-caret-position="238">
              <caret line="59" column="18" lean-forward="true" selection-start-line="59" selection-start-column="18" selection-end-line="59" selection-end-column="18" />
              <folding>
                <element signature="n#style#0;n#div#0;n#div#0;n#div#0;n#div#0;n#div#1;n#body#0;n#html#0;n#!!top" expanded="true" />
              </folding>
            </state>
          </provider>
        </entry>
      </file>
      <file pinned="false" current-in-tab="true">
        <entry file="file://$PROJECT_DIR$/reg/templates/workshop.html">
          <provider selected="true" editor-type-id="text-editor">
            <state relative-caret-position="68">
              <caret line="34" lean-forward="true" selection-start-line="34" selection-end-line="34" />
            </state>
          </provider>
        </entry>
      </file>
    </leaf>
  </component>
  <component name="FileTemplateManagerImpl">
    <option name="RECENT_TEMPLATES">
      <list>
        <option value="HTML File" />
      </list>
    </option>
  </component>
  <component name="IdeDocumentHistory">
    <option name="CHANGED_PATHS">
      <list>
        <option value="$PROJECT_DIR$/reg/admin.py" />
        <option value="$PROJECT_DIR$/reg/templates/workshop.html" />
        <option value="$PROJECT_DIR$/reg/templates/gallery.html" />
        <option value="$PROJECT_DIR$/reg/models.py" />
        <option value="$PROJECT_DIR$/reg/templates/registration_online.html" />
        <option value="$PROJECT_DIR$/reg/templates/login_html.html" />
        <option value="$PROJECT_DIR$/reg/templates/login_int.html" />
        <option value="$PROJECT_DIR$/reg/templates/signup_int.html" />
        <option value="$PROJECT_DIR$/reg/templates/branch.html" />
        <option value="$PROJECT_DIR$/reg/templates/index.html" />
        <option value="$PROJECT_DIR$/reg/templates/institutes.html" />
        <option value="$PROJECT_DIR$/reg/templates/internship.html" />
        <option value="$PROJECT_DIR$/reg/templates/reg_int.html" />
        <option value="$PROJECT_DIR$/prinston/urls.py" />
        <option value="$PROJECT_DIR$/reg/views.py" />
        <option value="$PROJECT_DIR$/reg/templates/login_offline.html" />
        <option value="$PROJECT_DIR$/reg/templates/offdesc.html" />
        <option value="$PROJECT_DIR$/reg/templates/offline.html" />
        <option value="$PROJECT_DIR$/reg/templates/online.html" />
        <option value="$PROJECT_DIR$/reg/templates/videos.html" />
      </list>
    </option>
  </component>
  <component name="ProjectFrameBounds" extendedState="6">
    <option name="x" value="247" />
    <option name="y" value="274" />
    <option name="width" value="923" />
    <option name="height" value="688" />
  </component>
  <component name="ProjectView">
    <navigator proportions="" version="1">
      <foldersAlwaysOnTop value="true" />
    </navigator>
    <panes>
      <pane id="Scope" />
      <pane id="ProjectPane">
        <subPane>
          <expand>
            <path>
              <item name="prinston - Copy - Copy" type="b2602c69:ProjectViewProjectNode" />
              <item name="prinston - Copy - Copy" type="462c0819:PsiDirectoryNode" />
            </path>
            <path>
              <item name="prinston - Copy - Copy" type="b2602c69:ProjectViewProjectNode" />
              <item name="prinston - Copy - Copy" type="462c0819:PsiDirectoryNode" />
              <item name="prinston" type="462c0819:PsiDirectoryNode" />
            </path>
            <path>
              <item name="prinston - Copy - Copy" type="b2602c69:ProjectViewProjectNode" />
              <item name="prinston - Copy - Copy" type="462c0819:PsiDirectoryNode" />
              <item name="reg" type="462c0819:PsiDirectoryNode" />
            </path>
            <path>
              <item name="prinston - Copy - Copy" type="b2602c69:ProjectViewProjectNode" />
              <item name="prinston - Copy - Copy" type="462c0819:PsiDirectoryNode" />
              <item name="reg" type="462c0819:PsiDirectoryNode" />
              <item name="migrations" type="462c0819:PsiDirectoryNode" />
            </path>
            <path>
              <item name="prinston - Copy - Copy" type="b2602c69:ProjectViewProjectNode" />
              <item name="prinston - Copy - Copy" type="462c0819:PsiDirectoryNode" />
              <item name="reg" type="462c0819:PsiDirectoryNode" />
              <item name="templates" type="462c0819:PsiDirectoryNode" />
            </path>
          </expand>
          <select />
        </subPane>
      </pane>
    </panes>
  </component>
  <component name="PropertiesComponent">
    <property name="DefaultHtmlFileTemplate" value="HTML File" />
    <property name="last_opened_file_path" value="$PROJECT_DIR$" />
    <property name="settings.editor.selected.configurable" value="com.jetbrains.python.configuration.PyActiveSdkModuleConfigurable" />
  </component>
  <component name="RecentsManager">
    <key name="CopyFile.RECENT_KEYS">
      <recent name="C:\Users\DELL\Desktop\prinston - Copy - Copy\reg\templates" />
      <recent name="C:\Users\DELL\Desktop\prinston - Copy - Copy\media\images" />
    </key>
  </component>
  <component name="RunDashboard">
    <option name="ruleStates">
      <list>
        <RuleState>
          <option name="name" value="ConfigurationTypeDashboardGroupingRule" />
        </RuleState>
        <RuleState>
          <option name="name" value="StatusDashboardGroupingRule" />
        </RuleState>
      </list>
    </option>
  </component>
  <component name="SvnConfiguration">
    <configuration />
  </component>
  <component name="TaskManager">
    <task active="true" id="Default" summary="Default task">
      <changelist id="b7abf4c9-819c-45a7-9dff-714c24a95ce9" name="Default Changelist" comment="" />
      <created>1594883285213</created>
      <option name="number" value="Default" />
      <option name="presentableId" value="Default" />
      <updated>1594883285213</updated>
    </task>
    <servers />
  </component>
  <component name="ToolWindowManager">
    <frame x="-8" y="-8" width="1382" height="744" extended-state="6" />
    <layout>
      <window_info content_ui="combo" id="Project" order="0" visible="true" weight="0.24925596" />
      <window_info id="Structure" order="1" side_tool="true" weight="0.25" />
      <window_info id="Favorites" order="2" side_tool="true" />
      <window_info anchor="bottom" id="Message" order="0" />
      <window_info anchor="bottom" id="Find" order="1" />
      <window_info anchor="bottom" id="Run" order="2" />
      <window_info anchor="bottom" id="Debug" order="3" weight="0.4" />
      <window_info anchor="bottom" id="Cvs" order="4" weight="0.25" />
      <window_info anchor="bottom" id="Inspection" order="5" weight="0.4" />
      <window_info anchor="bottom" id="TODO" order="6" />
      <window_info anchor="bottom" id="Version Control" order="7" show_stripe_button="false" />
      <window_info active="true" anchor="bottom" id="Terminal" order="8" visible="true" weight="0.24262296" />
      <window_info anchor="bottom" id="Event Log" order="9" side_tool="true" />
      <window_info anchor="bottom" id="Python Console" order="10" />
      <window_info anchor="right" id="Commander" internal_type="SLIDING" order="0" type="SLIDING" weight="0.4" />
      <window_info anchor="right" id="Ant Build" order="1" weight="0.25" />
      <window_info anchor="right" content_ui="combo" id="Hierarchy" order="2" weight="0.25" />
    </layout>
    <layout-to-restore>
      <window_info content_ui="combo" id="Project" order="0" visible="true" weight="0.24925596" />
      <window_info id="Structure" order="1" side_tool="true" weight="0.25" />
      <window_info id="Favorites" order="2" side_tool="true" />
      <window_info anchor="bottom" id="Message" order="0" />
      <window_info anchor="bottom" id="Find" order="1" />
      <window_info anchor="bottom" id="Run" order="2" />
      <window_info anchor="bottom" id="Debug" order="3" weight="0.4" />
      <window_info anchor="bottom" id="Cvs" order="4" weight="0.25" />
      <window_info anchor="bottom" id="Inspection" order="5" weight="0.4" />
      <window_info anchor="bottom" id="TODO" order="6" />
      <window_info anchor="bottom" id="Version Control" order="7" show_stripe_button="false" />
      <window_info active="true" anchor="bottom" id="Terminal" order="8" visible="true" weight="0.24262296" />
      <window_info anchor="bottom" id="Event Log" order="9" side_tool="true" />
      <window_info anchor="bottom" id="Python Console" order="10" />
      <window_info anchor="right" id="Commander" internal_type="SLIDING" order="0" type="SLIDING" weight="0.4" />
      <window_info anchor="right" id="Ant Build" order="1" weight="0.25" />
      <window_info anchor="right" content_ui="combo" id="Hierarchy" order="2" weight="0.25" />
    </layout-to-restore>
  </component>
  <component name="VcsContentAnnotationSettings">
    <option name="myLimit" value="2678400000" />
  </component>
  <component name="editorHistoryManager">
    <entry file="file://$PROJECT_DIR$/reg/templates/registration_online.html">
      <provider selected="true" editor-type-id="text-editor">
        <state relative-caret-position="221">
          <caret line="46" column="39" selection-start-line="46" selection-start-column="39" selection-end-line="46" selection-end-column="39" />
        </state>
      </provider>
    </entry>
    <entry file="file://$PROJECT_DIR$/reg/templates/signup.html">
      <provider selected="true" editor-type-id="text-editor">
        <state relative-caret-position="-51" />
      </provider>
    </entry>
    <entry file="file://$PROJECT_DIR$/reg/templates/signup_offline.html">
      <provider selected="true" editor-type-id="text-editor">
        <state relative-caret-position="176">
          <caret line="152" column="22" lean-forward="true" selection-start-column="1" selection-end-line="160" selection-end-column="7" />
        </state>
      </provider>
    </entry>
    <entry file="file://$PROJECT_DIR$/reg/templates/registration.html">
      <provider selected="true" editor-type-id="text-editor">
        <state relative-caret-position="221">
          <caret line="91" column="35" lean-forward="true" selection-start-line="91" selection-start-column="35" selection-end-line="91" selection-end-column="35" />
        </state>
      </provider>
    </entry>
    <entry file="file://$PROJECT_DIR$/reg/migrations/0001_initial.py">
      <provider selected="true" editor-type-id="text-editor" />
    </entry>
    <entry file="file://$PROJECT_DIR$/reg/migrations/0002_workshop.py">
      <provider selected="true" editor-type-id="text-editor" />
    </entry>
    <entry file="file://$PROJECT_DIR$/reg/migrations/0003_auto_20200711_1345.py">
      <provider selected="true" editor-type-id="text-editor" />
    </entry>
    <entry file="file://$PROJECT_DIR$/reg/migrations/0004_upcoming_events.py">
      <provider selected="true" editor-type-id="text-editor" />
    </entry>
    <entry file="file://$PROJECT_DIR$/reg/migrations/0005_offdesc_offline.py">
      <provider selected="true" editor-type-id="text-editor" />
    </entry>
    <entry file="file://$PROJECT_DIR$/reg/migrations/0006_auto_20200715_0915.py">
      <provider selected="true" editor-type-id="text-editor">
        <state relative-caret-position="-334" />
      </provider>
    </entry>
    <entry file="file://$PROJECT_DIR$/reg/migrations/0007_auto_20200715_0945.py">
      <provider selected="true" editor-type-id="text-editor" />
    </entry>
    <entry file="file://$PROJECT_DIR$/reg/migrations/0008_branch_online.py">
      <provider selected="true" editor-type-id="text-editor" />
    </entry>
    <entry file="file://$PROJECT_DIR$/reg/__init__.py">
      <provider selected="true" editor-type-id="text-editor" />
    </entry>
    <entry file="file://$PROJECT_DIR$/reg/admin.py">
      <provider selected="true" editor-type-id="text-editor">
        <state relative-caret-position="221">
          <caret line="13" column="26" selection-start-line="13" selection-start-column="26" selection-end-line="13" selection-end-column="26" />
          <folding>
            <element signature="e#0#32#0" expanded="true" />
          </folding>
        </state>
      </provider>
    </entry>
    <entry file="file://$PROJECT_DIR$/reg/apps.py">
      <provider selected="true" editor-type-id="text-editor">
        <state>
          <caret column="33" selection-start-column="33" selection-end-column="33" />
        </state>
      </provider>
    </entry>
    <entry file="file://$PROJECT_DIR$/prinston/__init__.py">
      <provider selected="true" editor-type-id="text-editor" />
    </entry>
    <entry file="file://$PROJECT_DIR$/prinston/asgi.py">
      <provider selected="true" editor-type-id="text-editor" />
    </entry>
    <entry file="file://$PROJECT_DIR$/prinston/settings.py">
      <provider selected="true" editor-type-id="text-editor">
        <state relative-caret-position="-153" />
      </provider>
    </entry>
    <entry file="file://$PROJECT_DIR$/prinston/wsgi.py">
      <provider selected="true" editor-type-id="text-editor" />
    </entry>
    <entry file="file://$PROJECT_DIR$/reg/tests.py">
      <provider selected="true" editor-type-id="text-editor" />
    </entry>
    <entry file="file://$PROJECT_DIR$/reg/models.py">
      <provider selected="true" editor-type-id="text-editor">
        <state relative-caret-position="301">
          <caret line="107" column="22" selection-start-line="107" selection-start-column="22" selection-end-line="107" selection-end-column="22" />
        </state>
      </provider>
    </entry>
    <entry file="file://$PROJECT_DIR$/reg/templates/reg_int.html">
      <provider selected="true" editor-type-id="text-editor">
        <state relative-caret-position="850">
          <caret line="104" lean-forward="true" selection-start-line="104" selection-end-line="104" />
          <folding>
            <element signature="n#style#0;n#div#0;n#div#0;n#div#0;n#div#0;n#body#0;n#html#0;n#!!top" expanded="true" />
            <element signature="n#style#0;n#form#0;n#div#0;n#div#0;n#div#0;n#body#0;n#html#0;n#!!top" expanded="true" />
            <element signature="n#style#0;n#option#0;n#select#0;n#div#3;n#form#0;n#div#0;n#div#0;n#div#0;n#body#0;n#html#0;n#!!top" expanded="true" />
            <element signature="n#style#0;n#button#0;n#div#4;n#form#0;n#div#0;n#div#0;n#div#0;n#body#0;n#html#0;n#!!top" expanded="true" />
            <element signature="n#style#0;n#div#5;n#form#0;n#div#0;n#div#0;n#div#0;n#body#0;n#html#0;n#!!top" expanded="true" />
            <element signature="n#style#0;n#a#0;n#div#5;n#form#0;n#div#0;n#div#0;n#div#0;n#body#0;n#html#0;n#!!top" expanded="true" />
          </folding>
        </state>
      </provider>
    </entry>
    <entry file="file://$PROJECT_DIR$/reg/templates/signup_int.html">
      <provider selected="true" editor-type-id="text-editor">
        <state relative-caret-position="57">
          <caret line="127" column="53" lean-forward="true" selection-start-line="127" selection-start-column="53" selection-end-line="127" selection-end-column="53" />
          <folding>
            <element signature="n#style#0;n#option#0;n#select#0;n#div#4;n#form#0;n#div#0;n#div#0;n#div#0;n#body#0;n#html#0;n#!!top" expanded="true" />
            <element signature="n#style#0;n#button#0;n#div#9;n#form#0;n#div#0;n#div#0;n#div#0;n#body#0;n#html#0;n#!!top" expanded="true" />
          </folding>
        </state>
      </provider>
    </entry>
    <entry file="file://$PROJECT_DIR$/prinston/urls.py">
      <provider selected="true" editor-type-id="text-editor">
        <state relative-caret-position="335">
          <caret line="48" lean-forward="true" selection-start-line="48" selection-end-line="48" />
        </state>
      </provider>
    </entry>
    <entry file="file://$PROJECT_DIR$/reg/views.py">
      <provider selected="true" editor-type-id="text-editor">
        <state relative-caret-position="2590">
          <caret line="286" column="23" lean-forward="true" selection-start-line="286" selection-start-column="23" selection-end-line="286" selection-end-column="23" />
          <folding>
            <element signature="e#0#59#0" expanded="true" />
          </folding>
        </state>
      </provider>
    </entry>
    <entry file="file://$PROJECT_DIR$/reg/templates/branch.html">
      <provider selected="true" editor-type-id="text-editor">
        <state relative-caret-position="272">
          <caret line="58" column="22" lean-forward="true" selection-start-line="58" selection-start-column="22" selection-end-line="58" selection-end-column="22" />
        </state>
      </provider>
    </entry>
    <entry file="file://$PROJECT_DIR$/reg/templates/gallery.html">
      <provider selected="true" editor-type-id="text-editor">
        <state relative-caret-position="17">
          <caret line="59" column="18" lean-forward="true" selection-start-line="59" selection-start-column="18" selection-end-line="59" selection-end-column="18" />
        </state>
      </provider>
    </entry>
    <entry file="file://$PROJECT_DIR$/reg/templates/index.html">
      <provider selected="true" editor-type-id="text-editor">
        <state relative-caret-position="5967">
          <caret line="384" column="44" lean-forward="true" selection-start-line="384" selection-start-column="44" selection-end-line="384" selection-end-column="44" />
          <folding>
            <element signature="n#style#0;n#a#0;n#div#0;n#div#0;n#div#0;n#header#0;n#div#0;n#body#0;n#html#0;n#!!top" expanded="true" />
            <element signature="n#style#0;n#a#0;n#li#0;n#ul#0;n#div#0;n#nav#0;n#div#0;n#header#0;n#div#0;n#body#0;n#html#0;n#!!top" expanded="true" />
            <element signature="n#style#0;n#a#0;n#li#1;n#ul#0;n#div#0;n#nav#0;n#div#0;n#header#0;n#div#0;n#body#0;n#html#0;n#!!top" expanded="true" />
            <element signature="n#style#0;n#a#0;n#li#2;n#ul#0;n#div#0;n#nav#0;n#div#0;n#header#0;n#div#0;n#body#0;n#html#0;n#!!top" expanded="true" />
            <element signature="n#style#0;n#a#0;n#li#3;n#ul#0;n#div#0;n#nav#0;n#div#0;n#header#0;n#div#0;n#body#0;n#html#0;n#!!top" expanded="true" />
            <element signature="n#style#0;n#div#0;n#div#0;n#div#0;n#div#0;n#div#0;n#div#0;n#body#0;n#html#0;n#!!top" expanded="true" />
            <element signature="n#style#0;n#div#0;n#div#1;n#div#0;n#div#0;n#div#0;n#div#0;n#body#0;n#html#0;n#!!top" expanded="true" />
            <element signature="n#style#0;n#div#0;n#div#2;n#div#0;n#div#0;n#div#0;n#div#0;n#body#0;n#html#0;n#!!top" expanded="true" />
            <element signature="n#style#0;n#a#0;n#div#0;n#div#0;n#div#0;n#div#0;n#div#0;n#div#0;n#div#1;n#div#0;n#body#0;n#html#0;n#!!top" expanded="true" />
            <element signature="n#style#0;n#a#0;n#div#0;n#div#0;n#div#0;n#div#0;n#div#0;n#div#1;n#div#1;n#div#0;n#body#0;n#html#0;n#!!top" expanded="true" />
            <element signature="n#style#0;n#a#0;n#div#0;n#div#0;n#div#1;n#div#0;n#div#0;n#div#1;n#div#1;n#div#0;n#body#0;n#html#0;n#!!top" expanded="true" />
            <element signature="n#style#0;n#div#0;n#div#0;n#div#0;n#div#0;n#div#0;n#div#1;n#div#0;n#div#3;n#body#0;n#html#0;n#!!top" expanded="true" />
            <element signature="n#style#0;n#div#1;n#div#0;n#div#0;n#div#0;n#div#0;n#div#1;n#div#0;n#div#3;n#body#0;n#html#0;n#!!top" expanded="true" />
            <element signature="n#style#0;n#img#0;n#div#0;n#div#2;n#div#0;n#div#0;n#div#1;n#div#0;n#div#3;n#body#0;n#html#0;n#!!top" expanded="true" />
          </folding>
        </state>
      </provider>
    </entry>
    <entry file="file://$PROJECT_DIR$/reg/templates/institutes.html">
      <provider selected="true" editor-type-id="text-editor">
        <state relative-caret-position="952">
          <caret line="92" column="57" lean-forward="true" selection-start-line="92" selection-start-column="57" selection-end-line="92" selection-end-column="57" />
          <folding>
            <element signature="n#style#0;n#h4#0;n#div#0;n#div#0;n#div#0;n#div#0;n#div#0;n#div#1;n#body#0;n#html#0;n#!!top" expanded="true" />
            <element signature="n#style#0;n#p#0;n#div#0;n#div#0;n#div#0;n#div#0;n#div#0;n#div#1;n#body#0;n#html#0;n#!!top" expanded="true" />
            <element signature="n#style#0;n#p#1;n#div#0;n#div#0;n#div#0;n#div#0;n#div#0;n#div#1;n#body#0;n#html#0;n#!!top" expanded="true" />
          </folding>
        </state>
      </provider>
    </entry>
    <entry file="file://$PROJECT_DIR$/reg/templates/internship.html">
      <provider selected="true" editor-type-id="text-editor">
        <state relative-caret-position="1887">
          <caret line="150" column="73" lean-forward="true" selection-start-line="150" selection-start-column="73" selection-end-line="150" selection-end-column="73" />
          <folding>
            <element signature="n#style#0;n#div#0;n#div#0;n#div#0;n#div#0;n#div#1;n#body#0;n#html#0;n#!!top" expanded="true" />
            <element signature="n#style#0;n#h4#0;n#div#0;n#div#0;n#div#0;n#div#0;n#div#0;n#div#1;n#body#0;n#html#0;n#!!top" expanded="true" />
            <element signature="n#style#0;n#p#0;n#div#0;n#div#0;n#div#0;n#div#0;n#div#0;n#div#1;n#body#0;n#html#0;n#!!top" expanded="true" />
            <element signature="n#style#0;n#button#0;n#div#0;n#div#0;n#div#0;n#div#0;n#div#0;n#div#1;n#body#0;n#html#0;n#!!top" expanded="true" />
            <element signature="n#style#0;n#a#0;n#button#0;n#div#0;n#div#0;n#div#0;n#div#0;n#div#0;n#div#1;n#body#0;n#html#0;n#!!top" expanded="true" />
            <element signature="n#style#0;n#div#0;n#li#0;n#ul#0;n#div#1;n#div#2;n#div#0;n#div#0;n#div#0;n#footer#0;n#body#0;n#html#0;n#!!top" expanded="true" />
          </folding>
        </state>
      </provider>
    </entry>
    <entry file="file://$PROJECT_DIR$/reg/templates/login.html">
      <provider selected="true" editor-type-id="text-editor">
        <state relative-caret-position="102">
          <caret line="33" column="32" lean-forward="true" selection-start-line="33" selection-start-column="32" selection-end-line="33" selection-end-column="32" />
          <folding>
            <element signature="n#style#0;n#img#0;n#div#0;n#div#0;n#div#0;n#div#0;n#body#0;n#html#0;n#!!top" expanded="true" />
          </folding>
        </state>
      </provider>
    </entry>
    <entry file="file://$PROJECT_DIR$/reg/templates/login_int.html">
      <provider selected="true" editor-type-id="text-editor">
        <state relative-caret-position="346">
          <caret line="74" column="10" lean-forward="true" selection-start-line="74" selection-start-column="10" selection-end-line="74" selection-end-column="10" />
          <folding>
            <element signature="n#style#0;n#img#0;n#div#0;n#div#0;n#div#0;n#div#0;n#body#0;n#html#0;n#!!top" expanded="true" />
            <element signature="n#style#0;n#span#0;n#form#0;n#div#0;n#div#0;n#div#0;n#body#0;n#html#0;n#!!top" expanded="true" />
            <element signature="n#style#0;n#button#0;n#div#2;n#form#0;n#div#0;n#div#0;n#div#0;n#body#0;n#html#0;n#!!top" expanded="true" />
          </folding>
        </state>
      </provider>
    </entry>
    <entry file="file://$PROJECT_DIR$/reg/templates/login_offline.html">
      <provider selected="true" editor-type-id="text-editor">
        <state relative-caret-position="1122">
          <caret line="66" column="55" lean-forward="true" selection-start-line="66" selection-start-column="55" selection-end-line="66" selection-end-column="55" />
          <folding>
            <element signature="n#style#0;n#img#0;n#div#0;n#div#0;n#div#0;n#div#0;n#body#0;n#html#0;n#!!top" expanded="true" />
            <element signature="n#style#0;n#span#0;n#form#0;n#div#0;n#div#0;n#div#0;n#body#0;n#html#0;n#!!top" expanded="true" />
            <element signature="n#style#0;n#button#0;n#div#2;n#form#0;n#div#0;n#div#0;n#div#0;n#body#0;n#html#0;n#!!top" expanded="true" />
          </folding>
        </state>
      </provider>
    </entry>
    <entry file="file://$PROJECT_DIR$/reg/templates/login_online.html">
      <provider selected="true" editor-type-id="text-editor">
        <state relative-caret-position="-425">
          <caret line="38" column="61" lean-forward="true" selection-start-line="38" selection-start-column="61" selection-end-line="38" selection-end-column="61" />
          <folding>
            <element signature="n#style#0;n#span#0;n#form#0;n#div#0;n#div#0;n#div#0;n#body#0;n#html#0;n#!!top" expanded="true" />
          </folding>
        </state>
      </provider>
    </entry>
    <entry file="file://$PROJECT_DIR$/reg/templates/my_profile.html">
      <provider selected="true" editor-type-id="text-editor" />
    </entry>
    <entry file="file://$PROJECT_DIR$/reg/templates/offdesc.html">
      <provider selected="true" editor-type-id="text-editor">
        <state relative-caret-position="374">
          <caret line="55" column="67" selection-start-line="55" selection-start-column="67" selection-end-line="55" selection-end-column="67" />
        </state>
      </provider>
    </entry>
    <entry file="file://$PROJECT_DIR$/reg/templates/offline.html">
      <provider selected="true" editor-type-id="text-editor">
        <state relative-caret-position="323">
          <caret line="55" column="67" selection-start-line="55" selection-start-column="67" selection-end-line="55" selection-end-column="67" />
        </state>
      </provider>
    </entry>
    <entry file="file://$PROJECT_DIR$/reg/templates/online.html">
      <provider selected="true" editor-type-id="text-editor">
        <state relative-caret-position="369">
          <caret line="55" column="67" selection-start-line="55" selection-start-column="67" selection-end-line="55" selection-end-column="67" />
        </state>
      </provider>
    </entry>
    <entry file="file://$PROJECT_DIR$/reg/templates/profile_login.html">
      <provider selected="true" editor-type-id="text-editor">
        <state relative-caret-position="-1224" />
      </provider>
    </entry>
    <entry file="file://$PROJECT_DIR$/reg/templates/videos.html">
      <provider selected="true" editor-type-id="text-editor">
        <state relative-caret-position="238">
          <caret line="59" column="18" lean-forward="true" selection-start-line="59" selection-start-column="18" selection-end-line="59" selection-end-column="18" />
          <folding>
            <element signature="n#style#0;n#div#0;n#div#0;n#div#0;n#div#0;n#div#1;n#body#0;n#html#0;n#!!top" expanded="true" />
          </folding>
        </state>
      </provider>
    </entry>
    <entry file="file://$PROJECT_DIR$/reg/templates/workshop.html">
      <provider selected="true" editor-type-id="text-editor">
        <state relative-caret-position="68">
          <caret line="34" lean-forward="true" selection-start-line="34" selection-end-line="34" />
        </state>
      </provider>
    </entry>
  </component>
</project>